,product_name,product_price,product_link
0,"Caminadora Eléctrica Urbanfit Pro 1.25hp Tm03f, Bluetooth","4,039",https://articulo.mercadolibre.com.mx/MLM-1584848607-caminadora-electrica-urbanfit-pro-125hp-tm03f-bluetooth-_JM?searchVariation=175650967115#searchVariation%3D175650967115%26position%3D49%26search_layout%3Dstack%26type%3Ditem%26tracking_id%3D2d200554-2ce2-40cc-bc2c-4eb4ee571f8e
1,Caminadora Eléctrica Plegable Velocidad Máxima De 10 km/h Color Negro KINGCEP2 KingSports,"3,999",https://www.mercadolibre.com.mx/caminadora-electrica-plegable-velocidad-maxima-de-10-kmh-color-negro-kingcep2-kingsports/p/MLM25814711#wid%3DMLM1928631255%26sid%3Dsearch%26searchVariation%3DMLM25814711%26position%3D1%26search_layout%3Dstack%26type%3Dproduct%26tracking_id%3D2d200554-2ce2-40cc-bc2c-4eb4ee571f8e
2,Caminadora Electrica 1.75hp Plegable Centurfit App Gym Color Blanco/Negro,"4,461",https://www.mercadolibre.com.mx/caminadora-electrica-175hp-plegable-centurfit-app-gym-color-blanconegro/p/MLM16093309#wid%3DMLM2939261122%26sid%3Dsearch%26searchVariation%3DMLM16093309%26position%3D2%26search_layout%3Dstack%26type%3Dproduct%26tracking_id%3D2d200554-2ce2-40cc-bc2c-4eb4ee571f8e
3,Caminadora Escaladora Mecanica Multifuncional Gym Correr Color Blanco Con Gris,"4,799",https://click1.mercadolibre.com.mx/mclics/clicks/external/MLM/count?a=Geegu0rnYUaAioVSkHjV%2B77mgzy24RdGF73Svm7I8zosZue4JkWdhMNY%2FnkR5c1uu9vlv0Sco0zVUK4lfDWtS0QEzKX00Njld0Deyud9H7F70ryu8gxXcv1ygLxYDKghdW61rWerQfzP6sjNNn4FEQtnBp60dCfI%2BLctVRs8gx%2B0TDGzwzLsymw1W%2Fd0mgn%2FJpX7NYSOUUB%2FeFAu2%2FZry3lEEZXk45KXLxHLkmLKQcW0905G1J66SUeEKVufzksgj0MpdEklAJtxTzTqPRXAR7lMpTs1c%2FW3ZzckfEWcIzV5XNmskeKaII96Fknv5gwU8xKx16KJfgLq65I2zB3rsrThk4%2FyN5voCn9SmepILyHRsqVOcTmpms3%2BeTTu0DV0ehfm7Y4ylCaa12RqlCxdJOd0qOAeF1S7doYdhdac1WIaOzwUUy6Bulfkt7DwafSSpTcsDwcx43WIxdwpqNsaZVNOGh%2FSxzsw%2FtA%2FlydWJI8gZ08eqrGrLuKV1hMG4HwVGQTx1kZCcyxdvKjYMiNosrQAC5AXhubHnYcLqa7TX%2FfrR2jJBPQqZs7MOaVXC7WGdQVJYl3kUzh5ACfwknasTTZxp0VcOvFdk6KVxZ8m3kBUkaRx4p6QNcpjDrqrJKvK47baU80lryXo7nyeigGen8tf1XyDYAydpIA5L34hnMGWC2j6KprIKjcZZ9ymWXtZB1dK95lqZXujlKVWEBrMT232Iuz70Vw8Gt4rJjbNPCpHu3sKC7iFvME2lxcVDqrOWzftkXvOFWclI1%2FKLSZqadEqXE9PeDt64AhD347ojIpaDeqkBlX%2F8KG2GMwL5g1wi0l%2FVndQzOWKpvHSi4N2zRX2QV4vD4lqRHVFc9AzwQj%2Ff%2B6MxEGYErvqqsBtM53AV0qZYZQ%3D&e=mclics%2Fadvertising-results-augmenter-on%2B15098%2Cmclics%2Fvariant-candidates%2B31710%2Cmclics%2Fmin-budget-throttling%2B54896%2Cmclics%2Fdiscard-bid-lt-min%2B45362%2Cmclics%2Fmax-bid-capped%2B36382%2Cmclics%2Fmax-bid-item-factor%2B23927%2Cmclics%2Foverride-min-seasonality%2B49092&rb=x
4,Caminadora eléctrica Bagore Sports F1X 127V color negro,"5,900",https://click1.mercadolibre.com.mx/mclics/clicks/external/MLM/count?a=DUY2A6nLFeFDznnTeUwGhw094XTOiX%2F8YWLVttQm9GjfyiInPiwqFOJoAaSnatxalPBDzdw4p77zz%2BcTXOi4NVND2MjMREnJExYYv7QWod4YHAMvXy96zJjc%2FgZYS2ZwPCB20WwIvyCmEDNmJvJ3gGWjSVyNzaXLeCKH9nUfiNq%2FYUCMf9pdJTedT4C9yOKKqyOUX8S3jW8fvGCCRK0p5yATISDJCGwou6UNWhecFnDmTfc1j%2FyLgG0XoDXEHnN%2Fo6B6FuKA71FT2J1AxITrQ3UCvwo%2FPm9NRQ%2FFjqnEfLZmO%2FtOIpdA%2F30GOnzmGidEZ7p%2FhROUD4eWbWhW5pk0qdrSxAajg5kYgdja%2BtsfYdug%2F7osKvKFXxBI5PGLBhOKwp%2Fe5ET%2Fqjv4iIROzCa3%2FXI84t8q1PQSObrl%2B9S%2F2H6FBj47TdXeZJTwLmWiVOP8HW0XVNYNdtWDQ45XHKMe0F2tzXeVzb1yxVhMUSkDIGa%2FCWymzk47Rtzl0mXU4gxD43h22qx%2F2nqlUdBklHAy5CaLoQHLKUM6pn7hSNu%2FW4j9OsOwx%2BcES9QO%2B0A68GtS4wBw9AksO8%2BcoYgKZHKBXc%2BIYmRw68OYt4hhsWswkMsmho9cW8cFVZcyXgjLU5cZwBGKqLcfjYOLcFrzvhRtm6rUPKE5psDeCuY9gFIRdNBh15T4WtojsPf6Ona96l8jN9p4R3yX27TqYEM2zCKjXvwxp4rb9d0EDBgtc4W7b8ELBoWWiHt5yFNrt8p81rvmIrDTKy4OnqysmEUitMZaJOL4uaIkPZBTQA9t9ZUNPKs3gxVe3A1JPW6R6MHwL94vRJ0m6sRp3mnye4YScZAB4vfYB2wKkuCe2Xy1MS9k&e=mclics%2Fadvertising-results-augmenter-on%2B15098%2Cmclics%2Fvariant-candidates%2B31710%2Cmclics%2Fmin-budget-throttling%2B54896%2Cmclics%2Fdiscard-bid-lt-min%2B45362%2Cmclics%2Fmax-bid-capped%2B36382%2Cmclics%2Fmax-bid-item-factor%2B23927%2Cmclics%2Foverride-min-seasonality%2B49092&rb=x
5,Caminadora Electrica Barandas De Seguridad Plegable 2 Hp Color Gris,"4,158",https://www.mercadolibre.com.mx/caminadora-electrica-barandas-de-seguridad-plegable-2-hp-color-gris/p/MLM26579737#wid%3DMLM2448863554%26sid%3Dsearch%26searchVariation%3DMLM26579737%26position%3D8%26search_layout%3Dstack%26type%3Dproduct%26tracking_id%3D2d200554-2ce2-40cc-bc2c-4eb4ee571f8e
6,Caminadora mecánica Altera CE CMMT1 color negro y rojo,"4,380",https://www.mercadolibre.com.mx/caminadora-mecanica-altera-ce-cmmt1-color-negro-y-rojo/p/MLM15794369#wid%3DMLM1506126638%26sid%3Dsearch%26searchVariation%3DMLM15794369%26position%3D3%26search_layout%3Dstack%26type%3Dproduct%26tracking_id%3D2d200554-2ce2-40cc-bc2c-4eb4ee571f8e
7,Caminadora eléctrica Centurfit MKZ-CAMI8050 127V color negro,"4,946",https://www.mercadolibre.com.mx/caminadora-electrica-centurfit-mkz-cami8050-127v-color-negro/p/MLM16246276#wid%3DMLM2421821636%26sid%3Dsearch%26searchVariation%3DMLM16246276%26position%3D6%26search_layout%3Dstack%26type%3Dproduct%26tracking_id%3D2d200554-2ce2-40cc-bc2c-4eb4ee571f8e
8,Caminadora Electrica Walking Pad Control Remoto Cinta Correr,"2,999",https://click1.mercadolibre.com.mx/mclics/clicks/external/MLM/count?a=XvWWl8BHBJkwaKTGCClCzuCBIQ1rFzSqJKcR5T4kB8myFmkFEI%2FltyU1jXAmCeK2ASo7yjWAA4znCJJL4OQrtXazAdpLiVLU05UM%2B7i1egX6K4nB9noli5TUn%2B4ejQgjKubmyoldNvSkBMGc%2F9p9layB5Ts3NO7vu89Nh%2FNnbpyDthHE%2BCg%2F%2BQTetVZY7ktoMX3RhhZlRHM3KNQwLoJcVOJxuZoddbUX%2FPEvk89wrRenYTSIjVFaPrW9NLr%2FBfYsxxTXyBOzp%2FXK6Peh8WUBQls5V5CX2pvSv6Yj1kd8avGdlASwDB1j2b%2Bsglk8vJ9xq28NJjYKw8FQ83Awk%2FLbWc5obZdpTo%2FM8H2TT2pGlOKdPYX0h6Xq5KyToIPak4adV5MNuJUpBSXI5v%2FBwjzSoqAsckujKDwar3n%2BqY%2FflNotWt5fyAB%2BpXDFd9FDvHECs2sgOVGe%2BTXXRExrrYiZT9CWHxa52pBY9nKP5eehz9iYHzJZX9eVf3NiB9oBo15m3HIJ8bN%2B0jAHSmsLnqbtksGej8Z8MXnI3yP3gAV8Dtu38yGuJF5YhKZeUME3%2FHMe2dvahz%2BqWXzS1a5h7ls08c0Y%2B21YPKdOHl1eU%2Fz4He4pMbMqTn4%2BsHsc84bblSBkwOeoi9OzU4OxfM03xZnLTCyr5yKWWrBE3NRWoN2Ot069Zvlo2Ynr6Irr1iwgFpl9Kh8xGajR%2BQ2axKbLzc83oTHYreK6OB7yD0cKfwbUJynJIzxmDXgmQdOneks%3D&e=mclics%2Fadvertising-results-augmenter-on%2B15098%2Cmclics%2Fvariant-candidates%2B31710%2Cmclics%2Fmin-budget-throttling%2B54896%2Cmclics%2Fdiscard-bid-lt-min%2B45362%2Cmclics%2Fmax-bid-capped%2B36382%2Cmclics%2Fmax-bid-item-factor%2B23927%2Cmclics%2Foverride-min-seasonality%2B49092&rb=x
9,Caminadora Electrica Portatil Smart App Pantalla Digital,"3,499",https://click1.mercadolibre.com.mx/mclics/clicks/external/MLM/count?a=aES8eoxbcz61dpbNiPCWVn2DrYvY3OYdXB6Ri7w8GD4G7plADQDdCuIUYyOg46M3mVw0Qc11hUrKiS7lAE%2BVjbpicRKtIRqt96iccSp42KEBDCWX%2BzE7Y4l8aoYjAA2qCmZgHGyFYqD5Q5KV97ADWBVFsneF2SaKkplQ6LMY9v5%2BHQpQiwyrvio4qaRsNE2iggSPLYMAL85FUgPqmGIpczQG%2BCBj19Y7wEblfJGgQnN0oEmryzV5jeAel4kT%2FeMPPmeFxfpvpb0IK19hry6htYBbaQNol%2B9N2PQmH3paBosfLg45%2BAxvhaAmUkSBssKnMAz3f0zDFH8gFesQj1UjGRx608PvK97Utf6ScI3a36ad08MEtSn3gVwXas9yaVGjVjAFR%2BinndPnVj2UvdzcLRklbU%2BAr8R8lE5uJWakcRyvN42bKl36K%2FNKTas%2F2Y26wogMRJ160UPy%2FgXItbxq17ky5O%2Be5vfolW%2FBottTXQxczqi8rWlU0i90LiAgKf9DOPqJHQwnE0rrtPCEjajP7tNBQB0qpbX%2BrvOS71FpM2zPWrGX6supxQ0JtbdO6LM0j9kl4kX6yowNSY1kQkKdzHPysK6qNLZxsJq44h8RCQ9R4zM%2BtVWcHbnZZkLTvp6cb0IUqiqPz7dKtWJ8brInUkkIXzeuMeaYJejx6R9Y8uRrSrJWLgvhdEE5CZTbeKdM9aqupn800FvbTQstQ%2Bctz%2FFAYcu1zW4eGcP8hrQcZIzJaB8MYgW4YPVk%2Bx9rvIP73IckZSoV6gYuknkgTcW4AtbXtOjnGBAdFFBT1vc0UU%2FiCD7E9awNoViIjjgjj8PvDvEUwia5AAvBA7ismwL0Tw%3D%3D&e=mclics%2Fadvertising-results-augmenter-on%2B15098%2Cmclics%2Fvariant-candidates%2B31710%2Cmclics%2Fmin-budget-throttling%2B54896%2Cmclics%2Fdiscard-bid-lt-min%2B45362%2Cmclics%2Fmax-bid-capped%2B36382%2Cmclics%2Fmax-bid-item-factor%2B23927%2Cmclics%2Foverride-min-seasonality%2B49092&rb=x
10,Caminadora eléctrica Altera CE CE-8550 127V color blanca y gris,"4,622",https://www.mercadolibre.com.mx/caminadora-electrica-altera-ce-ce-8550-127v-color-blanca-y-gris/p/MLM22732971#wid%3DMLM2918459106%26sid%3Dsearch%26searchVariation%3DMLM22732971%26position%3D12%26search_layout%3Dstack%26type%3Dproduct%26tracking_id%3D2d200554-2ce2-40cc-bc2c-4eb4ee571f8e
11,Caminadora eléctrica Centurfit MKZ-CAMI3521 127V color negro,"4,369",https://www.mercadolibre.com.mx/caminadora-electrica-centurfit-mkz-cami3521-127v-color-negro/p/MLM18090960#wid%3DMLM1935505625%26sid%3Dsearch%26searchVariation%3DMLM18090960%26position%3D7%26search_layout%3Dstack%26type%3Dproduct%26tracking_id%3D2d200554-2ce2-40cc-bc2c-4eb4ee571f8e
12,Caminadora Eléctrica Portátil 110V Cardio Fitness Hogareña Con Control Remoto Color Negro KINGCE1 KingSports,"3,379",https://www.mercadolibre.com.mx/caminadora-electrica-portatil-110v-cardio-fitness-hogarena-con-control-remoto-color-negro-kingce1-kingsports/p/MLM24688730#wid%3DMLM2356514628%26sid%3Dsearch%26searchVariation%3DMLM24688730%26position%3D14%26search_layout%3Dstack%26type%3Dproduct%26tracking_id%3D2d200554-2ce2-40cc-bc2c-4eb4ee571f8e
13,Caminadora eléctrica Altera Quincy color plata,"4,640",https://www.mercadolibre.com.mx/caminadora-electrica-altera-quincy-color-plata/p/MLM28117523#wid%3DMLM2699565172%26sid%3Dsearch%26searchVariation%3DMLM28117523%26position%3D11%26search_layout%3Dstack%26type%3Dproduct%26tracking_id%3D2d200554-2ce2-40cc-bc2c-4eb4ee571f8e
14,Caminadora eléctrica Altera X80ALT 127V color negro,"4,650",https://www.mercadolibre.com.mx/caminadora-electrica-altera-x80alt-127v-color-negro/p/MLM28530432#wid%3DMLM2715290776%26sid%3Dsearch%26searchVariation%3DMLM28530432%26position%3D15%26search_layout%3Dstack%26type%3Dproduct%26tracking_id%3D2d200554-2ce2-40cc-bc2c-4eb4ee571f8e
15,Caminadora Eléctrica Portatil Pantalla Digital Walking Pad Control Remoto Corredora 6 Km/h,"2,999",https://www.mercadolibre.com.mx/caminadora-electrica-portatil-pantalla-digital-walking-pad-control-remoto-corredora-6-kmh/p/MLM39298023#wid%3DMLM3306784396%26sid%3Dsearch%26searchVariation%3DMLM39298023%26position%3D13%26search_layout%3Dstack%26type%3Dproduct%26tracking_id%3D2d200554-2ce2-40cc-bc2c-4eb4ee571f8e
16,Caminadora Electrica 3.5hp Centurfit Inclinacion Automatica Color Negro,"13,191",https://www.mercadolibre.com.mx/caminadora-electrica-35hp-centurfit-inclinacion-automatica-color-negro/p/MLM15159488#wid%3DMLM879748272%26sid%3Dsearch%26searchVariation%3DMLM15159488%26position%3D18%26search_layout%3Dstack%26type%3Dproduct%26tracking_id%3D2d200554-2ce2-40cc-bc2c-4eb4ee571f8e
17,Caminadora Electrica Altera Fitness 110v Color Negro 3 Hp Profesional Con Bluetooth,"11,668",https://www.mercadolibre.com.mx/caminadora-electrica-altera-fitness-110v-color-negro-3-hp-profesional-con-bluetooth/p/MLM34240350#wid%3DMLM2039192809%26sid%3Dsearch%26searchVariation%3DMLM34240350%26position%3D23%26search_layout%3Dstack%26type%3Dproduct%26tracking_id%3D2d200554-2ce2-40cc-bc2c-4eb4ee571f8e
18,Caminadora Eléctrica Portátil Plegable Con Reposabrazos,"4,699",https://click1.mercadolibre.com.mx/mclics/clicks/external/MLM/count?a=qSHpluOp479VyJduPrjeUSnfHbUEO9FypUf6OOrzMnZ7CHpJ9kAJCHKI5cTpgNvtyvTtKNVwml5nKXajtN7zScgfTh831J%2B4wS7Zhds0YPQ8NGCzHE5csAgshVKRIlHJauUGaJfc2iCDNmX%2BA0aDRuJWbJ1fZ2Xq2zOR5VDDQZM48bERY39FgrEwQIPSBo77qnCiAGs9SSo8CsEZUvD3ItF07YMkXBNz3jdYK4yUpfZOdDMcb6fM43X94k%2FuVTQtNKJR5o0o0zCMG44DKd%2FItHelBGQcrTkhArsJEU3Bb0Qqy7GFzJQjHT0JDkxk7ByIuiec4aUxJ2976eUT6GqxdJz%2Bz9X%2BbP9FFEN8WwmjPxhtCt%2FEcUn09Vfc2uR6Y9NL7WO7W24ZMevNQqQssZyM7AdkqQdjO5x%2BW0V6I85wRtqHVSjOfFLt5JzSa2zqruRCzkuVI82Zc44BR2NdG4KW3%2Fe%2BDg7%2FVnCY5T98hDg4Ilfec0P8EhRS4WKaLE65AFcFyc33uNhemdJYI6kU23xlsRPCZwGQ6UdFMd01tnZ1wO6Vlwhc3YVLJI2FZzEY8ij0QTrYlew8fgBGluj1C3UWhzIZVRK13bAtw62i4YMGjuJfYro7le00k9bh%2FawhVtP%2Fsa8c3%2FxpurbmIExRBtf%2BOK4lMJJ%2BRGD9ClSRveZPjkHHfqpDipNsaVmSe%2FkqdbE1z3eK0sNXaAKg%2BjARYTFRVw2BvmVpSijkckb4SxDem%2Bln0%2FkM1%2BNfJaxx7g%3D%3D&e=mclics%2Fadvertising-results-augmenter-on%2B15098%2Cmclics%2Fvariant-candidates%2B31710%2Cmclics%2Fmin-budget-throttling%2B54896%2Cmclics%2Fdiscard-bid-lt-min%2B45362%2Cmclics%2Fmax-bid-capped%2B36382%2Cmclics%2Fmax-bid-item-factor%2B23927%2Cmclics%2Foverride-min-seasonality%2B49092&rb=x
19,Sensores De Velocidad Sensores De Velocidad De Fitness,274,https://click1.mercadolibre.com.mx/mclics/clicks/external/MLM/count?a=wMyrF5HHKRohXpzHdLrzLtkG0J6HmWJZhoVpGFeZtRjEzx7Djc55vssBV6Kh%2FI8BB07dqNwgwJbua4BW7KOyYDuqV7C%2BFpmMhk7sfrd5z1BoK4cI19UxtE3%2FRdEOZk5x%2B1yFr4v0SZGjZ5p2uDLD%2FuYss%2BPSKkN1%2FAHjib5q4pqcGYwuvUptELtAzF2lPrGdyLokYyYlwQIOwtNmXq13oCZRmCJU2AYw1VHYgB4TQk1M0EcobJW5cMEv6yKCDTVuceaKipfM6hyxry4515Tii6F9DzX8B7l21NtmOfIvoPSm9Ura1G8p1hoFAQfvIeeNjO2vIUF0P%2FiNEBI%2Bdpa2meWcU2Yl9xI7KKi5CtPYLcWjC18GOdrDNeMwdAILwy7qRmyzz8Kflx%2FvJGtQGBUbnMvPjYY8dNx51Dbfvf4mp2JkMM0ZNvmmMBBrZkdH6c%2BLcQWp2G6oRkxt%2BrGc8i%2FeDXiU5qJWh%2BFCswR0jsnlc%2FiDoaP3wo9AMJ0Piklq07LO5DbNC8GUW7LHYpmg7lGkjNliS2SdCy6JbEVSSTHT23zY2MYdFemQsKolXlDyQuZ7I1fo9%2B7ai6idIHJ%2Bu3yYTiphtUZ0DdDc3PubgSM8WaRRKcyhvDNIeP0nfeX6VE4dM3HxLN9ZRqLvWbR88PpQ1QDhSYQtzp1t5n84iEthentFyOZQ6n3i3G1tNRzP7MMdRY21Mv2JJMa6IORpbrs13%2Bj8uNuFFbMTiNvCzuHVkqRx2Ej4HpSvWzw%3D&e=mclics%2Fadvertising-results-augmenter-on%2B15098%2Cmclics%2Fvariant-candidates%2B31710%2Cmclics%2Fmin-budget-throttling%2B54896%2Cmclics%2Fdiscard-bid-lt-min%2B45362%2Cmclics%2Fmax-bid-capped%2B36382%2Cmclics%2Fmax-bid-item-factor%2B23927%2Cmclics%2Foverride-min-seasonality%2B49092&rb=x
20,Caminadora eléctrica Bagore Sports CPS1 127V color negro,"5,999",https://www.mercadolibre.com.mx/caminadora-electrica-bagore-sports-cps1-127v-color-negro/p/MLM18219565#wid%3DMLM1353083891%26sid%3Dsearch%26searchVariation%3DMLM18219565%26position%3D17%26search_layout%3Dstack%26type%3Dproduct%26tracking_id%3D2d200554-2ce2-40cc-bc2c-4eb4ee571f8e
21,Caminadora eléctrica UniFitness Pro 2.0 UFTL05451 127V color gris oscuro,"8,890",https://www.mercadolibre.com.mx/caminadora-electrica-unifitness-pro-20-uftl05451-127v-color-gris-oscuro/p/MLM35479707#wid%3DMLM2140256297%26sid%3Dsearch%26searchVariation%3DMLM35479707%26position%3D24%26search_layout%3Dstack%26type%3Dproduct%26tracking_id%3D2d200554-2ce2-40cc-bc2c-4eb4ee571f8e
22,Caminadora eléctrica Centurfit MKZ-CAM918 127V color blanca y negro,"7,177",https://www.mercadolibre.com.mx/caminadora-electrica-centurfit-mkz-cam918-127v-color-blanca-y-negro/p/MLM15709760#wid%3DMLM2562631216%26sid%3Dsearch%26searchVariation%3DMLM15709760%26position%3D21%26search_layout%3Dstack%26type%3Dproduct%26tracking_id%3D2d200554-2ce2-40cc-bc2c-4eb4ee571f8e
23,Caminadora eléctrica Altera Aston color negro,"2,909",https://www.mercadolibre.com.mx/caminadora-electrica-altera-aston-color-negro/p/MLM28117528#wid%3DMLM2699463618%26sid%3Dsearch%26searchVariation%3DMLM28117528%26position%3D22%26search_layout%3Dstack%26type%3Dproduct%26tracking_id%3D2d200554-2ce2-40cc-bc2c-4eb4ee571f8e
24,Caminadora Eléctrica Con Bocina Bluetooth 2.5 Hp Svelfik Pm Color Azul,"6,009",https://www.mercadolibre.com.mx/caminadora-electrica-con-bocina-bluetooth-25-hp-svelfik-pm-color-azul/p/MLM22863941#wid%3DMLM1971808739%26sid%3Dsearch%26searchVariation%3DMLM22863941%26position%3D16%26search_layout%3Dstack%26type%3Dproduct%26tracking_id%3D2d200554-2ce2-40cc-bc2c-4eb4ee571f8e
25,Vangroup Caminadora Electrica Plegable Bt App 2.0hp Con Pantalla Lcd,"3,510",https://www.mercadolibre.com.mx/vangroup-caminadora-electrica-plegable-bt-app-20hp-con-pantalla-lcd/p/MLM39459456#wid%3DMLM3331024390%26sid%3Dsearch%26searchVariation%3DMLM39459456%26position%3D32%26search_layout%3Dstack%26type%3Dproduct%26tracking_id%3D2d200554-2ce2-40cc-bc2c-4eb4ee571f8e
26,Caminadora eléctrica Ragnarok RR5000S color negro,"8,039",https://www.mercadolibre.com.mx/caminadora-electrica-ragnarok-rr5000s-color-negro/p/MLM36709371#wid%3DMLM3086054952%26sid%3Dsearch%26searchVariation%3DMLM36709371%26position%3D40%26search_layout%3Dstack%26type%3Dproduct%26tracking_id%3D2d200554-2ce2-40cc-bc2c-4eb4ee571f8e
27,Caminadora Electrica Centurfit 3.6 Hp Pantalla Wifi Videos Color Negro,"23,499",https://www.mercadolibre.com.mx/caminadora-electrica-centurfit-36-hp-pantalla-wifi-videos-color-negro/p/MLM15313360#wid%3DMLM2070047999%26sid%3Dsearch%26searchVariation%3DMLM15313360%26position%3D38%26search_layout%3Dstack%26type%3Dproduct%26tracking_id%3D2d200554-2ce2-40cc-bc2c-4eb4ee571f8e
28,Caminadora Electrica Altera Prato 110v Color Negro Plegable 4 Hp Bluetooth Profesional,"21,517",https://www.mercadolibre.com.mx/caminadora-electrica-altera-prato-110v-color-negro-plegable-4-hp-bluetooth-profesional/p/MLM34113685#wid%3DMLM2027381711%26sid%3Dsearch%26searchVariation%3DMLM34113685%26position%3D28%26search_layout%3Dstack%26type%3Dproduct%26tracking_id%3D2d200554-2ce2-40cc-bc2c-4eb4ee571f8e
29,Caminadora eléctrica Altera CE CE-8610 127V color negro,"9,879",https://www.mercadolibre.com.mx/caminadora-electrica-altera-ce-ce-8610-127v-color-negro/p/MLM19057663#wid%3DMLM1418847372%26sid%3Dsearch%26searchVariation%3DMLM19057663%26position%3D29%26search_layout%3Dstack%26type%3Dproduct%26tracking_id%3D2d200554-2ce2-40cc-bc2c-4eb4ee571f8e
30,Caminadora Electrica Centurfit Cinta Correr 1.5 Hp Control Color Blanco/Negro,"4,699",https://www.mercadolibre.com.mx/caminadora-electrica-centurfit-cinta-correr-15-hp-control-color-blanconegro/p/MLM18516707#wid%3DMLM1369067895%26sid%3Dsearch%26searchVariation%3DMLM18516707%26position%3D33%26search_layout%3Dstack%26type%3Dproduct%26tracking_id%3D2d200554-2ce2-40cc-bc2c-4eb4ee571f8e
31,Caminadora Eléctrica A7s-qke 110v Negra Color Negro,"4,999",https://www.mercadolibre.com.mx/caminadora-electrica-a7s-qke-110v-negra-color-negro/p/MLM24230998#wid%3DMLM1916771113%26sid%3Dsearch%26searchVariation%3DMLM24230998%26position%3D41%26search_layout%3Dstack%26type%3Dproduct%26tracking_id%3D2d200554-2ce2-40cc-bc2c-4eb4ee571f8e
32,Caminadora eléctrica Bagore Sports A7 127V color negro y gris,"11,994",https://www.mercadolibre.com.mx/caminadora-electrica-bagore-sports-a7-127v-color-negro-y-gris/p/MLM17187294#wid%3DMLM1969185823%26sid%3Dsearch%26searchVariation%3DMLM17187294%26position%3D25%26search_layout%3Dstack%26type%3Dproduct%26tracking_id%3D2d200554-2ce2-40cc-bc2c-4eb4ee571f8e
33,Caminadora Electrica Altera Con Inclinacion Fitness Plegable Color Blanco,"10,199",https://www.mercadolibre.com.mx/caminadora-electrica-altera-con-inclinacion-fitness-plegable-color-blanco/p/MLM37088338#wid%3DMLM2073616275%26sid%3Dsearch%26searchVariation%3DMLM37088338%26position%3D30%26search_layout%3Dstack%26type%3Dproduct%26tracking_id%3D2d200554-2ce2-40cc-bc2c-4eb4ee571f8e
34,Caminadora Proform Carbon Tl Color Negro,"13,990",https://www.mercadolibre.com.mx/caminadora-proform-carbon-tl-color-negro/p/MLM41434869#wid%3DMLM2161956829%26sid%3Dsearch%26searchVariation%3DMLM41434869%26position%3D34%26search_layout%3Dstack%26type%3Dproduct%26tracking_id%3D2d200554-2ce2-40cc-bc2c-4eb4ee571f8e
35,Caminadora Electrica Pro 3.5 Hp Inclinacion Automatica Color Negro,"13,599",https://www.mercadolibre.com.mx/caminadora-electrica-pro-35-hp-inclinacion-automatica-color-negro/p/MLM26482342#wid%3DMLM1939382163%26sid%3Dsearch%26searchVariation%3DMLM26482342%26position%3D36%26search_layout%3Dstack%26type%3Dproduct%26tracking_id%3D2d200554-2ce2-40cc-bc2c-4eb4ee571f8e
36,Caminadora Curva Mecanica Semi Profesional Con Display Color Negro,"10,999",https://www.mercadolibre.com.mx/caminadora-curva-mecanica-semi-profesional-con-display-color-negro/p/MLM32755239#wid%3DMLM2070076751%26sid%3Dsearch%26searchVariation%3DMLM32755239%26position%3D26%26search_layout%3Dstack%26type%3Dproduct%26tracking_id%3D2d200554-2ce2-40cc-bc2c-4eb4ee571f8e
37,Caminadora Electrica Portatil Smart App Pantalla Digital,"3,499",https://articulo.mercadolibre.com.mx/MLM-2800463846-caminadora-electrica-portatil-smart-app-pantalla-digital-_JM?searchVariation=179634604114#searchVariation%3D179634604114%26position%3D50%26search_layout%3Dstack%26type%3Ditem%26tracking_id%3D2d200554-2ce2-40cc-bc2c-4eb4ee571f8e
38,Caminadora Proform Sport 5.0 Color Negro,"15,619",https://www.mercadolibre.com.mx/caminadora-proform-sport-50-color-negro/p/MLM36170345#wid%3DMLM3104922454%26sid%3Dsearch%26searchVariation%3DMLM36170345%26position%3D31%26search_layout%3Dstack%26type%3Dproduct%26tracking_id%3D2d200554-2ce2-40cc-bc2c-4eb4ee571f8e
39,Caminadora eléctrica Lumo Sport LUC2EDT11M184 127/220V color negro,"3,589",https://www.mercadolibre.com.mx/caminadora-electrica-lumo-sport-luc2edt11m184-127220v-color-negro/p/MLM35479705#wid%3DMLM3391155150%26sid%3Dsearch%26searchVariation%3DMLM35479705%26position%3D35%26search_layout%3Dstack%26type%3Dproduct%26tracking_id%3D2d200554-2ce2-40cc-bc2c-4eb4ee571f8e
40,Caminadora eléctrica Bagore Sports F1X 127V color negro,"5,900",https://www.mercadolibre.com.mx/caminadora-electrica-bagore-sports-f1x-127v-color-negro/p/MLM34494387#wid%3DMLM2990138668%26sid%3Dsearch%26searchVariation%3DMLM34494387%26position%3D27%26search_layout%3Dstack%26type%3Dproduct%26tracking_id%3D2d200554-2ce2-40cc-bc2c-4eb4ee571f8e
41,Caminadora Electrica Altera Maresca 110v Color Negro 3.5 Hp Plegable Conexion Bluetooth Con Amortiguadores,"15,999",https://www.mercadolibre.com.mx/caminadora-electrica-altera-maresca-110v-color-negro-35-hp-plegable-conexion-bluetooth-con-amortiguadores/p/MLM34113662#wid%3DMLM2027344851%26sid%3Dsearch%26searchVariation%3DMLM34113662%26position%3D37%26search_layout%3Dstack%26type%3Dproduct%26tracking_id%3D2d200554-2ce2-40cc-bc2c-4eb4ee571f8e
42,Caminadora eléctrica Altera Dover/Salem color negro,"3,227",https://www.mercadolibre.com.mx/caminadora-electrica-altera-doversalem-color-negro/p/MLM28117525#wid%3DMLM2019486971%26sid%3Dsearch%26searchVariation%3DMLM28117525%26position%3D39%26search_layout%3Dstack%26type%3Dproduct%26tracking_id%3D2d200554-2ce2-40cc-bc2c-4eb4ee571f8e
43,Membrana Caminadora Horizont T202,"2,500",https://articulo.mercadolibre.com.mx/MLM-875572295-membrana-caminadora-horizont-t202-_JM?searchVariation=76312961456#searchVariation%3D76312961456%26position%3D51%26search_layout%3Dstack%26type%3Ditem%26tracking_id%3D2d200554-2ce2-40cc-bc2c-4eb4ee571f8e
44,Caminadora Electrica Walking Pad Control Remoto Cinta Correr,"2,999",https://articulo.mercadolibre.com.mx/MLM-3052301588-caminadora-electrica-walking-pad-control-remoto-cinta-correr-_JM?searchVariation=182677541911#searchVariation%3D182677541911%26position%3D52%26search_layout%3Dstack%26type%3Ditem%26tracking_id%3D2d200554-2ce2-40cc-bc2c-4eb4ee571f8e
45,"Caminadora Eléctrica Urbanfit Pro 4 Hp, Bluetooth","27,489",https://www.mercadolibre.com.mx/caminadora-electrica-urbanfit-pro-4-hp-bluetooth/p/MLM23448035#wid%3DMLM2237906312%26sid%3Dsearch%26searchVariation%3DMLM23448035%26position%3D42%26search_layout%3Dstack%26type%3Dproduct%26tracking_id%3D2d200554-2ce2-40cc-bc2c-4eb4ee571f8e
46,Caminadora Ragnarök Rr5000s 18 Niveles 3.0hp Eléctrica,"8,519",https://articulo.mercadolibre.com.mx/MLM-3001732316-caminadora-ragnarok-rr5000s-18-niveles-30hp-electrica-_JM?searchVariation=182411230445#searchVariation%3D182411230445%26position%3D53%26search_layout%3Dstack%26type%3Ditem%26tracking_id%3D2d200554-2ce2-40cc-bc2c-4eb4ee571f8e
47,Caminadora Curva Mecanica Profesional 5 Niveles Resistencia Color Negro,"18,999",https://www.mercadolibre.com.mx/caminadora-curva-mecanica-profesional-5-niveles-resistencia-color-negro/p/MLM29914369#wid%3DMLM2881579728%26sid%3Dsearch%26searchVariation%3DMLM29914369%26position%3D43%26search_layout%3Dstack%26type%3Dproduct%26tracking_id%3D2d200554-2ce2-40cc-bc2c-4eb4ee571f8e
48,Caminadora eléctrica Centurfit MKZ-CAMS600E 127V color negro,"12,999",https://www.mercadolibre.com.mx/caminadora-electrica-centurfit-mkz-cams600e-127v-color-negro/p/MLM15175044#wid%3DMLM1478143512%26sid%3Dsearch%26searchVariation%3DMLM15175044%26position%3D47%26search_layout%3Dstack%26type%3Dproduct%26tracking_id%3D2d200554-2ce2-40cc-bc2c-4eb4ee571f8e
49,Caminadora Electrica Plegable 3.5hp Eleva Profesional App Color Negro,"15,606",https://www.mercadolibre.com.mx/caminadora-electrica-plegable-35hp-eleva-profesional-app-color-negro/p/MLM34235879#wid%3DMLM2052711503%26sid%3Dsearch%26searchVariation%3DMLM34235879%26position%3D48%26search_layout%3Dstack%26type%3Dproduct%26tracking_id%3D2d200554-2ce2-40cc-bc2c-4eb4ee571f8e
50,Caminadora Electrica Profesional Centurfit 2.5hp Plegable Color Negro,"8,199",https://www.mercadolibre.com.mx/caminadora-electrica-profesional-centurfit-25hp-plegable-color-negro/p/MLM15546770#wid%3DMLM1485113838%26sid%3Dsearch%26searchVariation%3DMLM15546770%26position%3D44%26search_layout%3Dstack%26type%3Dproduct%26tracking_id%3D2d200554-2ce2-40cc-bc2c-4eb4ee571f8e
51,Caminadora eléctrica Altera Dover/Salem color blanca,"3,227",https://www.mercadolibre.com.mx/caminadora-electrica-altera-doversalem-color-blanca/p/MLM28117526#wid%3DMLM2019550565%26sid%3Dsearch%26searchVariation%3DMLM28117526%26position%3D45%26search_layout%3Dstack%26type%3Dproduct%26tracking_id%3D2d200554-2ce2-40cc-bc2c-4eb4ee571f8e
52,Caminadora Electrica Altera Gante 4hp Inclinacion Automatica,"14,039",https://articulo.mercadolibre.com.mx/MLM-1979893779-caminadora-electrica-altera-gante-4hp-inclinacion-automatica-_JM?searchVariation=180683524633#searchVariation%3D180683524633%26position%3D54%26search_layout%3Dstack%26type%3Ditem%26tracking_id%3D2d200554-2ce2-40cc-bc2c-4eb4ee571f8e
53,Caminadora Schwinn 810 Treandmill 110v 16km/h Negra Color Negro,"9,980",https://www.mercadolibre.com.mx/caminadora-schwinn-810-treandmill-110v-16kmh-negra-color-negro/p/MLM34192937#wid%3DMLM2073817703%26sid%3Dsearch%26searchVariation%3DMLM34192937%26position%3D46%26search_layout%3Dstack%26type%3Dproduct%26tracking_id%3D2d200554-2ce2-40cc-bc2c-4eb4ee571f8e
54,Caminadora Proform Trainer 5.0 Plegable 110v Color Negro,"15,599",https://articulo.mercadolibre.com.mx/MLM-1977467515-caminadora-proform-trainer-50-plegable-110v-color-negro-_JM?searchVariation=180627041019#searchVariation%3D180627041019%26position%3D55%26search_layout%3Dstack%26type%3Ditem%26tracking_id%3D2d200554-2ce2-40cc-bc2c-4eb4ee571f8e
